,phase,epoch,loss,accuracy,balanced-accuracy
0,train,0,0.7032358678284606,0.696494460105896,0.6955522114397581
1,val,0,1.1165747916058668,0.4790799617767334,0.5249280572916618
