,phase,epoch,loss,accuracy,balanced-accuracy
0,train,0,7.218474264120328,0.6647669672966003,0.6710242289208208
1,val,0,6.590367121730713,0.6484545469284058,0.6596539685136327
2,train,1,6.346344091711879,0.8006089329719543,0.8058758553788536
3,val,1,6.424815058447665,0.7549172639846802,0.6546285184932823
4,train,2,5.77159465687347,0.8601764440536499,0.8642221994238656
5,val,2,6.50924495760441,0.748673141002655,0.70150167743238
