,phase,epoch,loss,accuracy,balanced-accuracy
0,train,0,7.071101101288537,0.6600827574729919,0.663080598824587
1,val,0,6.484642292014368,0.6915391683578491,0.6541208485558826
