,phase,epoch,loss,accuracy,balanced-accuracy
0,train,0,7.2140629281297075,0.6655476689338684,0.6712321339178894
1,val,0,6.530197230942577,0.6887293457984924,0.674692549670484
