,phase,epoch,loss,accuracy,balanced-accuracy
0,train,0,7.071313762620123,0.6649230718612671,0.6677142229824921
1,val,0,6.734814965423479,0.6403371691703796,0.6603043857275385
2,train,1,6.282865730751426,0.7956905364990234,0.8009169527041637
3,val,1,6.550978604905351,0.682797372341156,0.6778204290327262
4,train,2,5.696669077368808,0.854945719242096,0.8584930802855402
5,val,2,6.654645049717141,0.7246331572532654,0.7158590300078483
